{
    "bleu": 0.031421541431547455,
    "rouge1": 0.24035800744072644,
    "rouge2": 0.10657554859741666,
    "rougel": 0.18927114626184227,
    "bertscore": 0.22359496422765118,
    "meteor": 0.14960967393976374,
    "align": 0.32455915134437846,
    "medcon": 0.24133304190286506,
    "overall": 0.1883403843932739
}