{
    "bleu": 0.04558205346886688,
    "rouge1": 0.23694982229058026,
    "rouge2": 0.09690856171685974,
    "rougel": 0.17978938055871696,
    "bertscore": 0.24764681378625436,
    "meteor": 0.17896522692197506,
    "align": 0.26161114152148923,
    "medcon": 0.2551606224243097,
    "overall": 0.18782670283613154
}