{
    "bleu": 0.011380452678601773,
    "rouge1": 0.2689388252881045,
    "rouge2": 0.14074544747853632,
    "rougel": 0.15580366894988718,
    "bertscore": 0.12651856116840393,
    "meteor": 0.14033968609420497,
    "align": 0.10455841394777873,
    "medcon": 0.15616200798882862,
    "overall": 0.13805588294929327
}