{
    "bleu": 0.09008480434339047,
    "rouge1": 0.420662703411732,
    "rouge2": 0.17393077128427253,
    "rougel": 0.2435404235016988,
    "bertscore": 0.3776758444404529,
    "meteor": 0.27087551187854264,
    "align": 0.24493438427857547,
    "medcon": 0.3275811513926762,
    "overall": 0.2686606993164176
}