{
    "bleu": 0.025530418086240736,
    "rouge1": 0.11058310889773303,
    "rouge2": 0.0493079986172393,
    "rougel": 0.0985507529826673,
    "bertscore": 0.21430993180261335,
    "meteor": 0.13656204461321889,
    "align": 0.3460559786255033,
    "medcon": 0.21771686466025342,
    "overall": 0.14982713728568367
}