{
    "bleu": 0.011637841103182577,
    "rouge1": 0.27025008619599805,
    "rouge2": 0.1419219452192704,
    "rougel": 0.15772516633079647,
    "bertscore": 0.12532607888139055,
    "meteor": 0.14244979231983174,
    "align": 0.09636988417391568,
    "medcon": 0.15642855671886152,
    "overall": 0.13776366886790586
}