{
    "bleu": 0.08344240488684458,
    "rouge1": 0.35439569665227766,
    "rouge2": 0.11330989555011736,
    "rougel": 0.20485978311913144,
    "bertscore": 0.37612071492899274,
    "meteor": 0.2732970241378259,
    "align": 0.2535946317490365,
    "medcon": 0.3273711696458861,
    "overall": 0.24829891508376406
}