{
    "bleu": 0.08849637000449681,
    "rouge1": 0.42587430487183503,
    "rouge2": 0.2083314983651938,
    "rougel": 0.2821309513806909,
    "bertscore": 0.3718398335288252,
    "meteor": 0.27492313294605597,
    "align": 0.25416498578069624,
    "medcon": 0.324270411606817,
    "overall": 0.2787539360605764
}