{
    "bleu": 0.08740572934269342,
    "rouge1": 0.3573878414875657,
    "rouge2": 0.11532486811599305,
    "rougel": 0.18810590248016223,
    "bertscore": 0.37069269729700394,
    "meteor": 0.27411060944462506,
    "align": 0.271405330109936,
    "medcon": 0.31960292666798795,
    "overall": 0.24800448811824594
}