{
    "bleu": 0.03402947156927792,
    "rouge1": 0.27494475435901583,
    "rouge2": 0.09902842458981417,
    "rougel": 0.196292983803595,
    "bertscore": 0.15121969715327363,
    "meteor": 0.15075701593700583,
    "align": 0.31624713854910724,
    "medcon": 0.21898025954825517,
    "overall": 0.1801874681886681
}